,DROPDOWNS,,,,,,,,,,,,,,,,,,,,,,,,,,,,,,
Tab,Brief,Ad Types,,,,Call to Action List,,,,,,,,,,,,,,,,,,UTM,,,,,,,
,Stages,Platform,Ad Types,Specifications,Google,Facebook/Instagram,Facebook Lead Gen,Facebook App Install,Lead Gen Form Thank You,LinkedIn,Yahoo,Yahoo (Countdown),Twitter,TikTok,TikTok (Lead Gen Form),SnapChat,Hotstar,Spotify,WeChat,Wagawin,Grab,Programmatic,,PROGRAM,PROGRAM UTM,COUNTRIES,CHANNEL,UTM SOURCES,ADS PLATFORMS,STAGES IN THE FUNNEL,KEYWORDS TYPE
Options,Prospecting,Google,Google Responsive Text Search Ads,https://support.google.com/google-ads/answer/1704389?hl=en,Buy now,Apply Now,View Website,Install Now,View Website,Sign up,Apply Now,Ends in,Install,Listen now,Install App,Apply Now,Shop Now,Book now,Mini Program,End Card with Small Video Integration,Activate Now,Sign up,,MBA,nus_mba,singapore,Brand Paid Search Ads,facebook,facebook,prospecting,generic
,Retargeting,,Google Discovery Ads,https://support.google.com/google-ads/answer/12563349?hl=en,Shop now,Book Now,Download,Download,Download,Contact us,Bet Now,Starts in,Open,Learn more,View Website,Book Now,See Menu,Buy now,Coupon,Calendar Entry,Download Now,Contact us,,EMBA,nus_emba,malaysia,No Brand Paid Search Ads,linkedin,linkedin,retargeting,product
,Nurturing,,Google Responsive Display Ads,https://support.google.com/google-ads/editor/answer/57755?hl=en#zippy=%2Cdisplay-ads,Sign up,Call Now,Call Business,Play Now,Call Business,Register,Book Now,Sale starts in,Play,Subscribe,,Buy Tickets,Request Time,Buy tickets,Link to Store,Social Media Share,Learn More,Register,,UCLA EMBA,nus_ucla_emba,canada,Display,twitter,twitter,nurturing,brand
,Converting,,Google Static Display Ads,https://support.google.com/google-ads/editor/answer/57755?hl=en#zippy=%2Cdisplay-ads,Get a quote,Comment,,Use App,,Learn more,Browse Now,Sale ends in,Shop,Watch now,,Get Now,Learn More,Click now,Follow Official Account,Direct Call,Shop Now,Learn more,,,,united states,Programmatic Display,youtube,youtube,action,competitors
,,,Google GIFs Ads,https://support.google.com/google-ads/answer/1722096?hl=e,Learn more,Contact Us,,Watch More,,Visit website,Buy Now,Expires in,Book,Shop now,,Listen,Get Showtimes,Download,Event Registration,,Visit Site,Visit website,,,,colombia,Paid Social,google,googlesearch,,
,,,Google HTML5 Ads,https://support.google.com/google-ads/answer/1722096?hl=en#zippy=%2Call-html-ads,Download now,Donate Now,,Learn More,,,Call Now,Deal ends in,Connect,Sign up,,More,Get Quote,Find stores,Link to Article,,Apply Now,,,,,vietnam,No Paid Social,bing,googledisplay,,
,,,Google Performance Max Ads,https://developers.google.com/google-ads/api/docs/performance-max/assets,Request a demo,Download,,Sign Up,,,Compare,Offer ends in,Order,Get tickets now,,Play,Get Offer,Get coupon,,,Find Out More,,,,,indonesia,Organic Home,,bingsearch,,
,,,Google App Install Ads,https://support.google.com/google-ads/answer/9234183?hl=en,Contact us,Get Directions,,Book Now,,,Contact Us,Time left,,Read more,,Read,Download,Get info,,,Order Now,,,,,philippines,Organic No Home,,,,
,,,Google Extension Package - Sitelinks and Callouts,https://support.google.com/google-ads/answer/6079510?hl=en&ref_topic=3119125,Book now,Get Quote,,Contact Us,,,Directions,Deadline in,,View now,,Sign Up,Contact Us,Learn more,,,Sign Up Now,,,,,thailand,Affiliates,,,,
,,,Google Search Dynamic ads,https://support.google.com/google-ads/answer/1704389?hl=en#:~:text=Use%20up%20to%2090%20characters%20for%20each%20description,Find a location,Get Showtimes,,Apply Now,,,Donate Now,Premieres in,,Book now,,Show,Book Now,Listen now,,,Watch More,,,,,korea,Transactional Emails,,,,
,,,Google Web Story Ads,"https://developers.google.com/search/docs/appearance/web-stories-creation-best-practices#:~:text=Make%20sure%20that%20the%20image,aspect%20ratio%20of%203%3A4.&text=Make%20sure%20that%20the%20logo,aspect%20ratio%20of%201%3A1.",Get started,Learn More,,Listen Now,,,Download,Launches in,,Get quote,,Shop Now,Apply Now,More info,,,,,,,,japan,Nurture Emails,,,,
,,YouTube,YouTube Bumper Ads,https://support.google.com/youtube/answer/2467968?hl=en,Request more information,Like,,Subscribe,,,Enroll Now,,,Order now,,Showtimes,Listen Now,Pre-save,,,,,,,,taiwan,Newsletter,,,,
,,,YouTube Non Skippable Ads,https://support.google.com/youtube/answer/2467968?hl=en,Call now,Listen Now,,,,,Enter Now,,,Install now,,Order Now,Watch More,Save now,,,,,,,,hong kong,Email Marketing,,,,
,,,YouTube Skippable Ads,https://support.google.com/youtube/answer/2467968?hl=en,Apply now,No Button,,,,,Explore,,,Get showtimes,,View,Subscribe,Share,,,,,,,,myanmar,,,,,
,,,YouTube Audio Ads,https://support.google.com/google-ads/answer/10227746?sjid=13448328115207634000-AP,Get a free trial,Page Like,,,,,Find Now,,,Interested,,Watch,Sign Up,Shop now,,,,,,,,united kingdom,,,,,
,,Yahoo,Yahoo Native Stream - Static Ads,https://adspecs.yahooinc.com/native-ads,Subscribe,Request Time,,,,,Follow Now,,,Experiene now,,Vote,No button,Sign up,,,,,,,,all countries,,,,,
,,,Yahoo Native Stream - Carousel Ads,https://adspecs.yahooinc.com/native-ads,Register now,See Menu,,,,,Get App,,,Pre-order now,,View Menu,Apply,Visit profile,,,,,,,,,,,,,
,,,Yahoo Native Stream - Video Ads,https://adspecs.yahooinc.com/native-ads,Discover more,Send Message,,,,,Get Coupon,,,Visit store,,Pre-Register,Download,Visit site,,,,,,,,,,,,,
,,,Yahoo Native Stream - AR Ads,https://adspecs.yahooinc.com/native-ads,Watch video,Share,,,,,Get Deals,,,,,,View Quote,,,,,,,,,,,,,,
,,,Yahoo Native Stream - Countdown Ads,https://adspecs.yahooinc.com/native-ads,View offer,Shop Now,,,,,Get Info,,,,,,Learn More,,,,,,,,,,,,,,
,,,Available Features,https://adspecs.yahooinc.com/native-ads,,Sign Up,,,,,Get Now,,,,,Play Game,Sign Up,,,,,,,,,,,,,,
,,,Yahoo Audio Ads,https://adspecs.yahooinc.com/audio-ads,,Subscribe,,,,,Get Quote,,,,,Donate,Subscribe,,,,,,,,,,,,,,
,,,Yahoo DOOH Image Ads,https://adspecs.yahooinc.com/dooh-ads,,Watch More,,,,,Get Rates,,,,,,Register,,,,,,,,,,,,,,
,,,Yahoo DOOH Video Ads,https://adspecs.yahooinc.com/dooh-ads,,,,,,,Get Recipe,,,,,,Join,,,,,,,,,,,,,,
,,,Many others....,,,,,,,,Get Sample,,,,,,Attend,,,,,,,,,,,,,,
,,Bing,Bing Search Ads,https://about.ads.microsoft.com/en-in/policies/text-guidelines#word-character-limits,,,,,,,Gift Now,,,,,,Request Demo,,,,,,,,,,,,,,
,,,Bing Display Ads,https://about.ads.microsoft.com/en-in/policies/creative-specs/display-ads,,,,,,,Go to Quiz,,,,,,Visit careers,,,,,,,,,,,,,,
,,,Bing HTML5 Ads,https://about.ads.microsoft.com/en-in/policies/creative-specs/display-ads,,,,,,,Go to Tool,,,,,,Visit company,,,,,,,,,,,,,,
,,Facebook,Facebook Image Traffic Ads,https://www.facebook.com/business/ads-guide/update/image,,,,,,,Install,,,,,,Visit jobs Visit life,,,,,,,,,,,,,,
,,,Facebook Image Lead Gen Ads,https://www.facebook.com/business/ads-guide/update/video/facebook-feed/outcome-leads/on-ad,,,,,,,Join Now,,,,,,,,,,,,,,,,,,,,
,,,Facebook Image Stories Ads,https://www.facebook.com/business/ads-guide/update/video/facebook-story,,,,,,,Launch,,,,,,,,,,,,,,,,,,,,
,,,Facebook Video Ads,https://www.facebook.com/business/ads-guide/update/video,,,,,,,Learn More,,,,,,,,,,,,,,,,,,,,
,,,Facebook Video Lead Gen Ads,https://www.facebook.com/business/ads-guide/update/video/facebook-video-feeds/outcome-leads/on-ad,,,,,,,Listen Now,,,,,,,,,,,,,,,,,,,,
,,,Facebook Video Stories Ads,https://www.facebook.com/business/ads-guide/update/video,,,,,,,Order Now,,,,,,,,,,,,,,,,,,,,
,,,Facebook App Installs,https://www.facebook.com/business/ads-guide/update/image/facebook-feed/app-installs/mobile-app,,,,,,,Play Game,,,,,,,,,,,,,,,,,,,,
,,,Facebook Shopping Ads,https://www.facebook.com/business/ads-guide/update/video/facebook-feed/outcome-leads/on-ad,,,,,,,Play Now,,,,,,,,,,,,,,,,,,,,
,,,Facebook Carousel Image Ads,https://www.facebook.com/business/ads-guide/update/carousel,,,,,,,Pre-Order,,,,,,,,,,,,,,,,,,,,
,,,Facebook Event Ads,https://www.facebook.com/business/ads-guide/update/image/facebook-facebook-reels-overlay/outcome-engagement/pixel,,,,,,,Read More,,,,,,,,,,,,,,,,,,,,
,,,Facebook Boosted Posts,,,,,,,,Read Now,,,,,,,,,,,,,,,,,,,,
,,,Facebook HTML5 Banner,https://www.facebook.com/business/ads-guide/update/image/facebook-feed/outcome-sales,,,,,,,Record now,,,,,,,,,,,,,,,,,,,,
,,,Facebook AR Image Ads,https://www.facebook.com/business/ads-guide/update/image,,,,,,,Refer Now,,,,,,,,,,,,,,,,,,,,
,,,Facebook AR Video Ads,https://www.facebook.com/business/ads-guide/update/image,,,,,,,Register,,,,,,,,,,,,,,,,,,,,
,,,Facebook Messenger Image Ads,https://www.facebook.com/business/ads-guide/update/image/messenger-story/outcome-leads,,,,,,,Remind Me,,,,,,,,,,,,,,,,,,,,
,,,Facebook Messenger Image Lead Gen Ads,https://www.facebook.com/business/ads-guide/update/video/facebook-feed/outcome-leads/messenger,,,,,,,Reserve,,,,,,,,,,,,,,,,,,,,
,,,Facebook Messenger Video Ads,https://www.facebook.com/business/ads-guide/update/video/messenger-story/outcome-leads,,,,,,,Save Now,,,,,,,,,,,,,,,,,,,,
,,,Facebook Messenger Video Lead Gen Ads,https://www.facebook.com/business/ads-guide/update/video/messenger-story/outcome-leads,,,,,,,Save Offer,,,,,,,,,,,,,,,,,,,,
,,,Facebook Messenger Conversation Ads,https://www.facebook.com/business/ads-guide/update/image/messenger-story/outcome-leads,,,,,,,Search Now,,,,,,,,,,,,,,,,,,,,
,,Instagram,Instagram Image Ads,https://www.facebook.com/business/ads-guide/update/image/instagram-feed,,,,,,,Sell Now,,,,,,,,,,,,,,,,,,,,
,,,Instagram Image Lead Gen Ads,https://www.facebook.com/business/ads-guide/update/video/instagram-feed/outcome-leads/on-ad,,,,,,,Shop Now,,,,,,,,,,,,,,,,,,,,
,,,Instagram Image Stories Ads,https://www.facebook.com/business/ads-guide/update/image/instagram-story,,,,,,,Sign Up,,,,,,,,,,,,,,,,,,,,
,,,Instagram Video Ads,https://www.facebook.com/business/ads-guide/update/video/instagram-feed,,,,,,,Start Now,,,,,,,,,,,,,,,,,,,,
,,,Instagram Video Lead Gen Ads,https://www.facebook.com/business/ads-guide/update/video/instagram-feed,,,,,,,Stream Now,,,,,,,,,,,,,,,,,,,,
,,,Instagram Video Stories Ads,https://www.facebook.com/business/ads-guide/update/video/facebook-story,,,,,,,Subscribe,,,,,,,,,,,,,,,,,,,,
,,,Instagram App Installs,https://www.facebook.com/business/ads-guide/update/video/instagram-feed/app-installs,,,,,,,Try Free,,,,,,,,,,,,,,,,,,,,
,,,Instagram Shopping Ads,https://www.facebook.com/business/ads-guide/update/video/instagram-feed/outcome-sales/pixel,,,,,,,Try Now,,,,,,,,,,,,,,,,,,,,
,,,Instagram Carousel Image Ads,https://www.facebook.com/business/ads-guide/update/image/instagram-feed,,,,,,,Upgrade,,,,,,,,,,,,,,,,,,,,
,,,Instagram Event Ads,https://www.facebook.com/business/ads-guide/update/image/facebook-facebook-reels-overlay/outcome-engagement/pixel,,,,,,,Use App,,,,,,,,,,,,,,,,,,,,
,,,Instagram Boosted Posts,https://www.facebook.com/business/ads-guide/update/video/instagram-feed/outcome-engagement/post,,,,,,,View Deals,,,,,,,,,,,,,,,,,,,,
,,LinkedIn,LinkedIn Image Ads,https://business.linkedin.com/marketing-solutions/success/ads-guide/single-image-ads,,,,,,,Vote Now,,,,,,,,,,,,,,,,,,,,
,,,LinkedIn Image Lead Gen Ads,https://www.linkedin.com/help/lms/answer/a426534/single-image-ads-advertising-specifications?lang=en,,,,,,,Watch More,,,,,,,,,,,,,,,,,,,,
,,,LinkedIn Video Ads,https://business.linkedin.com/marketing-solutions/success/ads-guide/single-image-ads,,,,,,,Watch Now,,,,,,,,,,,,,,,,,,,,
,,,LinkedIn Video Lead Gen Ads,https://business.linkedin.com/marketing-solutions/success/ads-guide/video-ads,,,,,,,Switch Now,,,,,,,,,,,,,,,,,,,,
,,,LinkedIn Carousel Ads,https://www.linkedin.com/help/linkedin/answer/a427022/carousel-ads-advertising-specifications?lang=en,,,,,,,Launch AR,,,,,,,,,,,,,,,,,,,,
,,,LinkedIn Document Ads,https://business.linkedin.com/marketing-solutions/success/ads-guide/document-ads,,,,,,,3D Camera,,,,,,,,,,,,,,,,,,,,
,,,LinkedIn Boosted Posts,"https://business.linkedin.com/marketing-solutions/success/best-practices/sponsored-content-tips#:~:text=An%20image%20size%20of%201200,(click%2Dthrough%20rates).&text=Feature%20a%20clear%20CTA%20(call,to%20act%20on%20their%20interest.&text=Use%20Sponsored%20Content%20ad%20specs,to%20guide%20your%20ad%20creation.",,,,,,,,,,,,,,,,,,,,,,,,,,,
,,,LinkedIn Message Ads,https://www.linkedin.com/help/lms/answer/a425533/message-ads-advertising-specifications?lang=en,,,,,,,,,,,,,,,,,,,,,,,,,,,
,,,LinkedIn Conversation Ads,https://business.linkedin.com/marketing-solutions/success/ads-guide/conversation-ads,,,,,,,,,,,,,,,,,,,,,,,,,,,
,,,LinkedIn Text Ads,https://business.linkedin.com/marketing-solutions/success/ads-guide/text-ads,,,,,,,,,,,,,,,,,,,,,,,,,,,
,,,LinkedIn Spotlight Ads,https://business.linkedin.com/marketing-solutions/success/ads-guide/spotlight-ads,,,,,,,,,,,,,,,,,,,,,,,,,,,
,,,LinkedIn Follower Ads,https://business.linkedin.com/marketing-solutions/success/ads-guide/follower-ads,,,,,,,,,,,,,,,,,,,,,,,,,,,
,,,LinkedIn Event Ads,https://business.linkedin.com/marketing-solutions/success/ads-guide/event-ads,,,,,,,,,,,,,,,,,,,,,,,,,,,
,,Twitter,Twitter Text Ads,https://business.twitter.com/en/help/campaign-setup/creative-ad-specifications.html,,,,,,,,,,,,,,,,,,,,,,,,,,,
,,,Twitter Standalone Image Ads,https://business.twitter.com/en/help/campaign-setup/creative-ad-specifications.html,,,,,,,,,,,,,,,,,,,,,,,,,,,
,,,Twitter Image Ads with App Buttons,https://business.twitter.com/en/help/campaign-setup/creative-ad-specifications.html,,,,,,,,,,,,,,,,,,,,,,,,,,,
,,,Twitter Image Ads with Conversation Buttons,https://business.twitter.com/en/help/campaign-setup/creative-ad-specifications.html,,,,,,,,,,,,,,,,,,,,,,,,,,,
,,,Twitter Image Ads with Website Buttons,https://business.twitter.com/en/help/campaign-setup/creative-ad-specifications.html,,,,,,,,,,,,,,,,,,,,,,,,,,,
,,,Twitter Image Ads with Polls,https://business.twitter.com/en/help/campaign-setup/creative-ad-specifications.html,,,,,,,,,,,,,,,,,,,,,,,,,,,
,,,Twitter Standalone Video Ads,https://business.twitter.com/en/help/campaign-setup/creative-ad-specifications.html,,,,,,,,,,,,,,,,,,,,,,,,,,,
,,,Twitter Video Ads with App Buttons,https://business.twitter.com/en/help/campaign-setup/creative-ad-specifications.html,,,,,,,,,,,,,,,,,,,,,,,,,,,
,,,Twitter Video Ads with Conversation Buttons,https://business.twitter.com/en/help/campaign-setup/creative-ad-specifications.html,,,,,,,,,,,,,,,,,,,,,,,,,,,
,,,Twitter Video Ads with Website Buttons,https://business.twitter.com/en/help/campaign-setup/creative-ad-specifications.html,,,,,,,,,,,,,,,,,,,,,,,,,,,
,,,Twitter Video Ads with Polls,https://business.twitter.com/en/help/campaign-setup/creative-ad-specifications.html,,,,,,,,,,,,,,,,,,,,,,,,,,,
,,,Twitter Image App Carousel Ads,https://business.twitter.com/en/help/campaign-setup/creative-ad-specifications.html,,,,,,,,,,,,,,,,,,,,,,,,,,,
,,,Twitter Image Website Carousel Ads,https://business.twitter.com/en/help/campaign-setup/creative-ad-specifications.html,,,,,,,,,,,,,,,,,,,,,,,,,,,
,,,Twitter Video App Carousel Ads,https://business.twitter.com/en/help/campaign-setup/creative-ad-specifications.html,,,,,,,,,,,,,,,,,,,,,,,,,,,
,,,Twitter Video Website Carousel Ads,https://business.twitter.com/en/help/campaign-setup/creative-ad-specifications.html,,,,,,,,,,,,,,,,,,,,,,,,,,,
,,,Twitter Moment Ads,https://business.twitter.com/en/help/campaign-setup/creative-ad-specifications.html,,,,,,,,,,,,,,,,,,,,,,,,,,,
,,TikTok,TikTok Image Ads ,https://ads.tiktok.com/help/article/image-ads-specification?lang=en,,,,,,,,,,,,,,,,,,,,,,,,,,,
,,,TikTok Video Ads,https://ads.tiktok.com/help/article/video-ads-specifications?lang=en,,,,,,,,,,,,,,,,,,,,,,,,,,,
,,,TikTok Image Lead Gen Ads,https://ads.tiktok.com/help/article/build-instant-form?lang=en,,,,,,,,,,,,,,,,,,,,,,,,,,,
,,,TikTok Video Lead Gen Ads,https://ads.tiktok.com/help/article/build-instant-form?lang=en,,,,,,,,,,,,,,,,,,,,,,,,,,,
,,,TikTok Spark Ads,https://ads.tiktok.com/help/article/spark-ads?lang=en,,,,,,,,,,,,,,,,,,,,,,,,,,,
,,,TikTok Playable Ads,https://ads.tiktok.com/help/article/playable-ads?lang=en,,,,,,,,,,,,,,,,,,,,,,,,,,,
,,,TikTok Video Shopping Ads,https://ads.tiktok.com/help/article/getting-started-video-shopping-ads?lang=en,,,,,,,,,,,,,,,,,,,,,,,,,,,
,,SnapChat,SnapChat Single Image Ads,https://forbusiness.snapchat.com/advertising/ad-formats/single-image-or-video-ads,,,,,,,,,,,,,,,,,,,,,,,,,,,
,,,SnapChat Single Video Ads,https://forbusiness.snapchat.com/advertising/ad-formats/single-image-or-video-ads,,,,,,,,,,,,,,,,,,,,,,,,,,,
,,,SnapChat Collection Image Ads,https://forbusiness.snapchat.com/advertising/ad-formats/collection-ads,,,,,,,,,,,,,,,,,,,,,,,,,,,
,,,SnapChat Collection Video Ads,https://forbusiness.snapchat.com/advertising/ad-formats/collection-ads,,,,,,,,,,,,,,,,,,,,,,,,,,,
,,,SnapChat Story Image Ads,https://forbusiness.snapchat.com/advertising/ad-formats/story-ads,,,,,,,,,,,,,,,,,,,,,,,,,,,
,,,SnapChat Story Video Ads,https://forbusiness.snapchat.com/advertising/ad-formats/story-ads,,,,,,,,,,,,,,,,,,,,,,,,,,,
,,,SnapChat Lens AR Image Experiences,https://forbusiness.snapchat.com/advertising/ad-formats/lenses,,,,,,,,,,,,,,,,,,,,,,,,,,,
,,,SnapChat Lens AR Video Experiences,https://forbusiness.snapchat.com/advertising/ad-formats/lenses,,,,,,,,,,,,,,,,,,,,,,,,,,,
,,Line (Japan),Line Image Ads,https://sphereagency.com/articles/line-ads-platform/,,,,,,,,,,,,,,,,,,,,,,,,,,,
,,,Line Video Ads,https://sphereagency.com/articles/line-ads-platform/,,,,,,,,,,,,,,,,,,,,,,,,,,,
,,,Line Carousel Image Ads,https://sphereagency.com/articles/line-ads-platform/,,,,,,,,,,,,,,,,,,,,,,,,,,,
,,Spotify,Spotify Ads,https://ads.spotify.com/en-IN/ad-experiences/audio-ads-specs/,,,,,,,,,,,,,,,,,,,,,,,,,,,
,,Telegram,Telegram Text Ads,https://promote.telegram.org/guidelines#1-ad-format,,,,,,,,,,,,,,,,,,,,,,,,,,,
,,Grab,Grab Image Ads,https://drive.google.com/file/d/19RZM7Yc6fxAvUPqXY_bFAQBat947pVo5/view?usp=sharing,,,,,,,,,,,,,,,,,,,,,,,,,,,
,,,Grab Video Ads,https://drive.google.com/file/d/19RZM7Yc6fxAvUPqXY_bFAQBat947pVo5/view?usp=sharing,,,,,,,,,,,,,,,,,,,,,,,,,,,
,,,Grab Search & Listing Ads,https://drive.google.com/file/d/19RZM7Yc6fxAvUPqXY_bFAQBat947pVo5/view?usp=sharing,,,,,,,,,,,,,,,,,,,,,,,,,,,
,,Apple,Apple Search Ads (Basic),https://appradar.com/academy/apple-search-ads/custom-product-pages-assets-requirements,,,,,,,,,,,,,,,,,,,,,,,,,,,
,,,Apple Search Ads (Advanced),https://appradar.com/academy/apple-search-ads/custom-product-pages-assets-requirements,,,,,,,,,,,,,,,,,,,,,,,,,,,
,,StackAdapt,StackAdapt Image Ads,https://support.sharethrough.com/hc/en-us/articles/360012183792-StackAdapt-Creative-Specs,,,,,,,,,,,,,,,,,,,,,,,,,,,
,,,StackAdapt Video Ads,https://support.sharethrough.com/hc/en-us/articles/360012183792-StackAdapt-Creative-Specs,,,,,,,,,,,,,,,,,,,,,,,,,,,
,,,StackAdapt HTML5 Ads,https://support.sharethrough.com/hc/en-us/articles/360012183792-StackAdapt-Creative-Specs,,,,,,,,,,,,,,,,,,,,,,,,,,,
,,,StackAdapt Native Ads,https://support.sharethrough.com/hc/en-us/articles/360012183792-StackAdapt-Creative-Specs,,,,,,,,,,,,,,,,,,,,,,,,,,,
,,Taboola,Taboola Image Ads,https://help.taboola.com/hc/en-us/articles/115006880507-Video-Title-and-Thumbnail-Best-Practices,,,,,,,,,,,,,,,,,,,,,,,,,,,
,,,Taboola Video Ads,https://help.taboola.com/hc/en-us/articles/115006880507-Video-Title-and-Thumbnail-Best-Practices,,,,,,,,,,,,,,,,,,,,,,,,,,,
,,OutBrain,OutBrain Image Ads,https://www.outbrain.com/help/ads-specs/,,,,,,,,,,,,,,,,,,,,,,,,,,,
,,,OutBrain Video Ads,https://www.outbrain.com/help/ads-specs/ ,,,,,,,,,,,,,,,,,,,,,,,,,,,
,,Bliss,Bliss Standard Banners Ads,https://blis.com/wp-content/uploads/2021/02/Blis-Creative-Ad-Spec-2021.pdf,,,,,,,,,,,,,,,,,,,,,,,,,,,
,,,Bliss Rich Media Banners Ads,https://blis.com/wp-content/uploads/2021/02/Blis-Creative-Ad-Spec-2021.pdf,,,,,,,,,,,,,,,,,,,,,,,,,,,
,,,Bliss Rich Media Expandable Ads,https://blis.com/wp-content/uploads/2021/02/Blis-Creative-Ad-Spec-2021.pdf,,,,,,,,,,,,,,,,,,,,,,,,,,,
,,,Bliss Rich Media Interstitial Ads,https://blis.com/wp-content/uploads/2021/02/Blis-Creative-Ad-Spec-2021.pdf,,,,,,,,,,,,,,,,,,,,,,,,,,,
,,,Bliss Native Ads,https://blis.com/wp-content/uploads/2021/02/Blis-Creative-Ad-Spec-2021.pdf,,,,,,,,,,,,,,,,,,,,,,,,,,,
,,,Bliss Instream Video Ads,https://blis.com/wp-content/uploads/2021/02/Blis-Creative-Ad-Spec-2021.pdf,,,,,,,,,,,,,,,,,,,,,,,,,,,
,,,Bliss Outstream Video Ads,https://blis.com/wp-content/uploads/2021/02/Blis-Creative-Ad-Spec-2021.pdf,,,,,,,,,,,,,,,,,,,,,,,,,,,
,,InSkin,InSkin Pageskin Ads,https://www.inskinmedia.com/pageskin,,,,,,,,,,,,,,,,,,,,,,,,,,,
,,,InSkin Shoppable Ads,https://www.inskinmedia.com/shoppable,,,,,,,,,,,,,,,,,,,,,,,,,,,
,,,InSkin Video Ads,https://www.inskinmedia.com/video,,,,,,,,,,,,,,,,,,,,,,,,,,,
,,,InSkin Baseline Ads,https://www.inskinmedia.com/baseline,,,,,,,,,,,,,,,,,,,,,,,,,,,
,,,InSkin Pagescroll Ads,https://www.inskinmedia.com/pagescroll,,,,,,,,,,,,,,,,,,,,,,,,,,,
,,,InSkin Superwide Ads,https://www.inskinmedia.com/superwide,,,,,,,,,,,,,,,,,,,,,,,,,,,
,,,InSkin Evolve Ads,https://www.inskinmedia.com/evolve,,,,,,,,,,,,,,,,,,,,,,,,,,,
,,AdRoll,AdRoll,https://www.adroll.com/one-sheeters/ad-sizes,,,,,,,,,,,,,,,,,,,,,,,,,,,
,,Wagawin,Wagawin Display Hot or Not Ads,https://www.dropbox.com/s/3r98pohqkoi0iot/Wagawin_Ad%20Specs_APAC_December%202021.pdf?dl=0,,,,,,,,,,,,,,,,,,,,,,,,,,,
,,,Wagawin Display Tree Ads,https://www.dropbox.com/s/3r98pohqkoi0iot/Wagawin_Ad%20Specs_APAC_December%202021.pdf?dl=0,,,,,,,,,,,,,,,,,,,,,,,,,,,
,,,Wagawin Display Sticker Image Ads,https://www.dropbox.com/s/3r98pohqkoi0iot/Wagawin_Ad%20Specs_APAC_December%202021.pdf?dl=0,,,,,,,,,,,,,,,,,,,,,,,,,,,
,,,Wagawin Display Sticker Video Ads,https://www.dropbox.com/s/3r98pohqkoi0iot/Wagawin_Ad%20Specs_APAC_December%202021.pdf?dl=0,,,,,,,,,,,,,,,,,,,,,,,,,,,
,,,Wagawin Display Barometer Ads,https://www.dropbox.com/s/3r98pohqkoi0iot/Wagawin_Ad%20Specs_APAC_December%202021.pdf?dl=0,,,,,,,,,,,,,,,,,,,,,,,,,,,
,,,Wagawin Display Pair Ads,https://www.dropbox.com/s/3r98pohqkoi0iot/Wagawin_Ad%20Specs_APAC_December%202021.pdf?dl=0,,,,,,,,,,,,,,,,,,,,,,,,,,,
,,,Wagawin Chat Image Ads,https://www.dropbox.com/s/3r98pohqkoi0iot/Wagawin_Ad%20Specs_APAC_December%202021.pdf?dl=0,,,,,,,,,,,,,,,,,,,,,,,,,,,
,,,Wagawin Chat Video Ads,https://www.dropbox.com/s/3r98pohqkoi0iot/Wagawin_Ad%20Specs_APAC_December%202021.pdf?dl=0,,,,,,,,,,,,,,,,,,,,,,,,,,,
,,,Wagawin Video Quiz/Poll Ads,https://www.dropbox.com/s/3r98pohqkoi0iot/Wagawin_Ad%20Specs_APAC_December%202021.pdf?dl=0,,,,,,,,,,,,,,,,,,,,,,,,,,,
,,,Wagawin Video Emotion Ads,https://www.dropbox.com/s/3r98pohqkoi0iot/Wagawin_Ad%20Specs_APAC_December%202021.pdf?dl=0,,,,,,,,,,,,,,,,,,,,,,,,,,,
,,,Wagawin Video Sticker Ads,https://www.dropbox.com/s/3r98pohqkoi0iot/Wagawin_Ad%20Specs_APAC_December%202021.pdf?dl=0,,,,,,,,,,,,,,,,,,,,,,,,,,,
,,,Wagawin Video Barometer Ads,https://www.dropbox.com/s/3r98pohqkoi0iot/Wagawin_Ad%20Specs_APAC_December%202021.pdf?dl=0,,,,,,,,,,,,,,,,,,,,,,,,,,,
,,WeChat,WeChat Moment Image Ads,https://wechatwiki.com/wechat-resources/wechat-moments-advertising-media-buying-cost-ad-format/,,,,,,,,,,,,,,,,,,,,,,,,,,,
,,,WeChat Moment Video Ads,https://wechatwiki.com/wechat-resources/wechat-moments-advertising-media-buying-cost-ad-format/,,,,,,,,,,,,,,,,,,,,,,,,,,,
,,,WeChat Mini Programme Image Ads,https://wechatwiki.com/wechat-resources/wechat-mini-program-advertising-media-buying/,,,,,,,,,,,,,,,,,,,,,,,,,,,
,,,WeChat Mini Programme Video Ads,https://wechatwiki.com/wechat-resources/wechat-mini-program-advertising-media-buying/,,,,,,,,,,,,,,,,,,,,,,,,,,,
,,,WeChat Banner Image Ads,https://wechatwiki.com/wechat-resources/wechat-official-account-advertising-banner-ad-format-cost/,,,,,,,,,,,,,,,,,,,,,,,,,,,
,,,WeChat Banner Video Ads,https://wechatwiki.com/wechat-resources/wechat-official-account-advertising-banner-ad-format-cost/,,,,,,,,,,,,,,,,,,,,,,,,,,,
,,Baidu,Baidu Display Text Ads,https://www.baiduadvertising.com/faq/what-are-baidus-display-advertising-formats/,,,,,,,,,,,,,,,,,,,,,,,,,,,
,,,Baidu Display Image Ads,https://www.baiduadvertising.com/faq/what-are-baidus-display-advertising-formats/,,,,,,,,,,,,,,,,,,,,,,,,,,,
,,,Baidu Display Video Ads,https://www.baiduadvertising.com/faq/what-are-baidus-display-advertising-formats/,,,,,,,,,,,,,,,,,,,,,,,,,,,
,,,Baidu Display Floating Ads,https://www.baiduadvertising.com/faq/what-are-baidus-display-advertising-formats/,,,,,,,,,,,,,,,,,,,,,,,,,,,
,,Hotstar,Hotstar Native-Frame Ads,https://help.brands.hotstar.com/portal/en/kb/articles/what-is-a-native-frame-ad,,,,,,,,,,,,,,,,,,,,,,,,,,,
,,,Hotstar In-Stream Display Ads,https://help.brands.hotstar.com/portal/en/kb/articles/what-is-an-in-stream-display-ad,,,,,,,,,,,,,,,,,,,,,,,,,,,
,,,Hotstar Mid-Roll Ads,https://help.brands.hotstar.com/portal/en/kb/articles/what-is-a-mid-roll-ad,,,,,,,,,,,,,,,,,,,,,,,,,,,
,,,Hotstar Pre-Roll Ads,https://help.brands.hotstar.com/portal/en/kb/articles/what-is-a-pre-roll-ad,,,,,,,,,,,,,,,,,,,,,,,,,,,
,,,Hotstar Spotlight Stub Ads,https://help.brands.hotstar.com/portal/en/kb/articles/what-is-a-spotlight-stub,,,,,,,,,,,,,,,,,,,,,,,,,,,
,,Zalo,Zalo Display Masthead Ads,https://ads.zalo.me/business/quang-cao-display-dinh-dang-quang-cao-masthead/,,,,,,,,,,,,,,,,,,,,,,,,,,,
,,,Zalo Display Fullscreen Ads,https://ads.zalo.me/business/dinh-dang-quang-cao-fullscreen-quang-cao-display-ads/,,,,,,,,,,,,,,,,,,,,,,,,,,,
,,,Zalo Display Welcome Ads,https://ads.zalo.me/business/dinh-dang-quang-cao-welcome-quang-cao-display-ads/,,,,,,,,,,,,,,,,,,,,,,,,,,,
,,,Zalo Display Half Page Ads,https://ads.zalo.me/business/quang-cao-display-dinh-dang-quang-cao-halfpage/,,,,,,,,,,,,,,,,,,,,,,,,,,,
,,,Zalo Display Medium Rectangle Ads,https://ads.zalo.me/business/quang-cao-display-dinh-dang-quang-cao-medium-rectangel/,,,,,,,,,,,,,,,,,,,,,,,,,,,
,,,Zalo Form Ads,https://ads.zalo.me/business/huong-dan-tao-quang-cao-form-2/,,,,,,,,,,,,,,,,,,,,,,,,,,,
,,,Zalo Listing Ads,https://ads.zalo.me/business/huong-dan-tao-quang-cao-tin-dang-tren-zalo-listing-ads/,,,,,,,,,,,,,,,,,,,,,,,,,,,
,,,Zalo Official Account Ads,https://ads.zalo.me/business/huong-dan-tao-quang-cao-zalo-official-account/,,,,,,,,,,,,,,,,,,,,,,,,,,,
,,,Zalo Video Ads,https://ads.zalo.me/business/huong-dan-tao-quang-cao-video/,,,,,,,,,,,,,,,,,,,,,,,,,,,
,,,Zalo Post Ads,https://ads.zalo.me/business/quang-cao-bai-viet-tren-zalo/,,,,,,,,,,,,,,,,,,,,,,,,,,,
,,,Zalo Product Ads,https://ads.zalo.me/business/huong-dan-tao-quang-cao-san-pham/,,,,,,,,,,,,,,,,,,,,,,,,,,,
,,,Zalo Click to web Ads,https://ads.zalo.me/business/huong-dan-quang-cao-website/,,,,,,,,,,,,,,,,,,,,,,,,,,,
,,Coc Coc,Coc Coc Search Ads,https://qc.coccoc.com/en/support/create-a-search-ad,,,,,,,,,,,,,,,,,,,,,,,,,,,
,,,Coc Coc Search Banner Ads,https://qc.coccoc.com/en/support/create-a-search-banner-ad,,,,,,,,,,,,,,,,,,,,,,,,,,,
,,,Coc Coc Search HTML5 Banner Ads,https://qc.coccoc.com/en/support/rules-html5-banners,,,,,,,,,,,,,,,,,,,,,,,,,,,
,,,Coc Coc Newtab Banner Ads,https://qc.coccoc.com/en/support/create-a-new-tab-banner-ad,,,,,,,,,,,,,,,,,,,,,,,,,,,
,,,Coc Coc Newtab HTML5 Banner Ads,https://qc.coccoc.com/en/support/rules-html5-banners,,,,,,,,,,,,,,,,,,,,,,,,,,,
,,,Coc Coc Newtab Browser Ads,https://qc.coccoc.com/en/support/create-a-browser-skin-ad,,,,,,,,,,,,,,,,,,,,,,,,,,,
,,,Coc Coc Magnetic Masthead Media Banner Ads,https://qc.coccoc.com/en/support/create-a-magnetic-masthead-ad,,,,,,,,,,,,,,,,,,,,,,,,,,,
,,,Coc Coc Big Native In-feed Banner Ads,https://qc.coccoc.com/en/support/create-a-native-in-feed-banner-ad,,,,,,,,,,,,,,,,,,,,,,,,,,,
,,,Coc Coc Small Native In-feed Ads,https://qc.coccoc.com/en/support/create-a-small-native-in-feed-banner-ad,,,,,,,,,,,,,,,,,,,,,,,,,,,
,,,Coc Coc Big In-feed Banner Ads,https://qc.coccoc.com/en/support/create-a-big-in-feed-banner-ad,,,,,,,,,,,,,,,,,,,,,,,,,,,
,,,Coc Coc Icon Ads,https://qc.coccoc.com/en/support/create-an-icon-ad,,,,,,,,,,,,,,,,,,,,,,,,,,,
,,,Coc Coc Shopping Ads,https://qc.coccoc.com/en/support/create-a-shopping-ad,,,,,,,,,,,,,,,,,,,,,,,,,,,
,,Naver,Site search power link ads,https://saedu.naver.com/adbiz/searchad/clickChoice.naver,,,,,,,,,,,,,,,,,,,,,,,,,,,
,,,Shopping search ads,https://saedu.naver.com/adbiz/searchad/shoppingSa.naver,,,,,,,,,,,,,,,,,,,,,,,,,,,
,,,Power content ads,https://saedu.naver.com/adbiz/searchad/powerContents.naver,,,,,,,,,,,,,,,,,,,,,,,,,,,
,,,Brand search ads,https://saedu.naver.com/adbiz/searchad/brandSearch.naver,,,,,,,,,,,,,,,,,,,,,,,,,,,
,,,Place ads,https://saedu.naver.com/adbiz/searchad/placeSearch.naver,,,,,,,,,,,,,,,,,,,,,,,,,,,
,,Kakao,Kakao Bizboard Ads,https://punchkorea.com/kakaotalk-ads-channel/,,,,,,,,,,,,,,,,,,,,,,,,,,,
,,,Kakao Display Ads,,,,,,,,,,,,,,,,,,,,,,,,,,,,
,,,KakaoTalk Channel Ads,,,,,,,,,,,,,,,,,,,,,,,,,,,,
,,,Kakao Daum Shopping Ads,,,,,,,,,,,,,,,,,,,,,,,,,,,,
,,,Kakao Video Ads,,,,,,,,,,,,,,,,,,,,,,,,,,,,
,,,Kakao Sponsored Board Ads,,,,,,,,,,,,,,,,,,,,,,,,,,,,
,,Youdao,Youdao Influencer Campaigns Ads,https://youdaoads.com/en-US/services,,,,,,,,,,,,,,,,,,,,,,,,,,,
,,,Youdao Intergrated Marketing Ads,,,,,,,,,,,,,,,,,,,,,,,,,,,,
,,,Youdao Paid Social Advertising Ads,,,,,,,,,,,,,,,,,,,,,,,,,,,,
,,,Youdao Livestreaming Services Ads,,,,,,,,,,,,,,,,,,,,,,,,,,,,
,,,,,,,,,,,,,,,,,,,,,,,,,,,,,,,
,,,,,,,,,,,,,,,,,,,,,,,,,,,,,,,
,,,,,,,,,,,,,,,,,,,,,,,,,,,,,,,
,,,,,,,,,,,,,,,,,,,,,,,,,,,,,,,
,,,,,,,,,,,,,,,,,,,,,,,,,,,,,,,
,,,,,,,,,,,,,,,,,,,,,,,,,,,,,,,
,,,,,,,,,,,,,,,,,,,,,,,,,,,,,,,
,,,,,,,,,,,,,,,,,,,,,,,,,,,,,,,
,,,,,,,,,,,,,,,,,,,,,,,,,,,,,,,
,,,,,,,,,,,,,,,,,,,,,,,,,,,,,,,
,,,,,,,,,,,,,,,,,,,,,,,,,,,,,,,
,,,,,,,,,,,,,,,,,,,,,,,,,,,,,,,
,,,,,,,,,,,,,,,,,,,,,,,,,,,,,,,
,,,,,,,,,,,,,,,,,,,,,,,,,,,,,,,
SUPPORT,,,,,,,,,,,,,,,,,,,,,,,,,,,,,,,
Channels,Ad types,Status,Keyword Type,Location,,Location of the variation,Competition Level,Match Type,Keywords Status,,,,,Channels,,,,,,,,,,,,,,,,,
Google Search - Prospecting - Generic,Image Traffic Ads,Select Status,Generic,in Singapore,,Behind,Low,Exact,Select Status,,,,,Google Search,,,,,,,,,,,,,,,,,
Google Search - Prospecting - Products,Image Lead Gen Ads,In production,Product,in Malaysia,,In front,Medium,Phrase,Pending Approval,,,,,Google Display,,,,,,,,,,,,,,,,,
Google Search - Prospecting - Brand,Video Traffic Ads,Pending Approval,Brand,in Hong Kong,,,High,Broad,Approved,,,,,Youtube,,,,,,,,,,,,,,,,,
Google Search - Prospecting - Competitors,,Approved,Branded Product,in Australia,,,,BMM,Feedback given,,,,,Facebook ,,,,,,,,,,,,,,,,,
Google Display - Prospecting,Search Ads,Feedback given,Competitors,in Thailand,,,,,,,,,,Instagram,,,,,,,,,,,,,,,,,
Google Videos - Prospecting,Static Display Ads,,,in Phillipines,,,,,,,,,,Linkedin,,,,,,,,,,,,,,,,,
Coc CoC Search - Prospecting - Generic,Responsive Display Ads,,,in Indonesia,,,,,,,,,,TikTok,,,,,,,,,,,,,,,,,
Coc CoC Search - Prospecting - Brand,Video Traffic Ads,,,in Vietnam,,,,,,,,,,Twitter,,,,,,,,,,,,,,,,,
Coc CoC Search - Prospecting - Competitors,Video Lead Gen Ads,,,in Myanmar,,,,,,,,,,Email Marketing,,,,,,,,,,,,,,,,,
Coc CoC Search - Prospecting - Products,YT - Display Ads,,,in Cambodia,,,,,,,,,,Taboola,,,,,,,,,,,,,,,,,
Naver Search - Prospecting - Generic,YT - Overlay Ads,,,in South Korea,,,,,,,,,,Outbrain Standard Ad,,,,,,,,,,,,,,,,,
Naver Search - Prospecting - Products,YT - In-stream Skippable Ads,,,in Japan,,,,,,,,,,Microsoft Bing Search ,,,,,,,,,,,,,,,,,
Naver Search - Prospecting - Brand,YT - In-stream Non-Skippable Ads,,,in India,,,,,,,,,,Microsoft Bing Display,,,,,,,,,,,,,,,,,
Naver Search - Prospecting - Competitors,YT - In-stream Bumper Ads,,,in SriLanka,,,,,,,,,,Yahoo Native,,,,,,,,,,,,,,,,,
Linkedin - Prospecting,YT - Sponsored Cards,,,in Bangladesh,,,,,,,,,,Yahoo Display,,,,,,,,,,,,,,,,,
Facebook - Prospecting,Google Outstream Video Ads,,,in Pakistan,,,,,,,,,,Yahoo Video,,,,,,,,,,,,,,,,,
Twitter - Prospecting,Animated Display Ads,,,in UAE,,,,,,,,,,Yahoo DOOH,,,,,,,,,,,,,,,,,
Google Search - Retargeting,Stories Ads,,,in Saudi Arabia,,,,,,,,,,Coc CoC Search ,,,,,,,,,,,,,,,,,
Coc Coc Search - Retargeting,Carousel Ads,,,,,,,,,,,,,Naver Search,,,,,,,,,,,,,,,,,
Naver Search - Retargeting,Album posts (3 images - main image on the top),,,,,,,,,,,,,,,,,,,,,,,,,,,,,,
Google Display - Retargeting,App Install,,,,,,,,,,,,,,,,,,,,,,,,,,,,,,
Google Videos - Retargeting,Yahoo Display Banner,,,,,,,,,,,,,,,,,,,,,,,,,,,,,,
Linkedin - Retargeting,Yahoo Rich Media - motion/animation,,,,,,,,,,,,,,,,,,,,,,,,,,,,,,
Facebook - Retargeting,Yahoo MRAID - motion/animation,,,,,,,,,,,,,,,,,,,,,,,,,,,,,,
Twitter - Retargeting,Yahoo Display - DCO (Dynamic Creative),,,,,,,,,,,,,,,,,,,,,,,,,,,,,,
Email Marketing,,,,,,,,,,,,,,,,,,,,,,,,,,,,,,,
Instagram Prospecting,,,,,,,,,,,,,,,,,,,,,,,,,,,,,,,
Outbrain Standard Ads - Prospecting,,,,,,,,,,,,,,,,,,,,,,,,,,,,,,,
Outbrain Standard Ads - Retargeting,,,,,,,,,,,,,,,,,,,,,,,,,,,,,,,
Microsoft Bing Search - Prospecting - Generic,,,,,,,,,,,,,,,,,,,,,,,,,,,,,,,
Microsoft Bing Search - Prospecting - Products,,,,,,,,,,,,,,,,,,,,,,,,,,,,,,,
Microsoft Bing Search - Prospecting - Brand,,,,,,,,,,,,,,,,,,,,,,,,,,,,,,,
Microsoft Bing Search - Prospecting - Competitors,,,,,,,,,,,,,,,,,,,,,,,,,,,,,,,
Microsoft Bing Display - Prospecting,,,,,,,,,,,,,,,,,,,,,,,,,,,,,,,
Microsoft Bing Display - Retargeting,,,,,,,,,,,,,,,,,,,,,,,,,,,,,,,
Yahoo Native,,,,,,,,,,,,,,,,,,,,,,,,,,,,,,,
Yahoo Display,,,,,,,,,,,,,,,,,,,,,,,,,,,,,,,
Yahoo Video,,,,,,,,,,,,,,,,,,,,,,,,,,,,,,,
Yahoo DOOH,,,,,,,,,,,,,,,,,,,,,,,,,,,,,,,
Yahoo TV,,,,,,,,,,,,,,,,,,,,,,,,,,,,,,,
Yahoo Audio,,,,,,,,,,,,,,,,,,,,,,,,,,,,,,,